{
    "boards_per_second": 61154.35105577847,
    "memory_used": 0.800984,
    "total_time": 7.892428666935302,
    "avg_us": 78.92428666935302,
    "throughput": 12670.3710885525
}