{
    "boards_per_second": 61408.29509864351,
    "boards_per_second_std": 1414.9042464066788,
    "throughput": 1464.5000008216593,
    "throughput_std": 83.68479141164572
}