{
    "boards_per_second": 59058.58488764226,
    "boards_per_second_std": 774.2635793115129,
    "throughput": 13903.752342747037,
    "throughput_std": 326.21658839598757
}