{
    "boards_per_second": 58899.0390516394,
    "boards_per_second_std": 216.1961299189225,
    "throughput": 9874.012447789813,
    "throughput_std": 824.2640642048553
}