{
    "boards_per_second": 59231.80373955597,
    "boards_per_second_std": 98.86833380270826,
    "throughput": 10748.39061866967,
    "throughput_std": 104.9024122066732
}