{
    "boards_per_second": 33371.31356579906,
    "boards_per_second_std": 63.523511119005505,
    "throughput": 9804.372287231447,
    "throughput_std": 993.1675607107959
}