{
    "boards_per_second": 31996.386503990256,
    "boards_per_second_std": 240.42004808524987,
    "throughput": 1450.526311166538,
    "throughput_std": 109.47892204742712
}