{
    "boards_per_second": 58395.57756710177,
    "boards_per_second_std": 739.2925359326522,
    "throughput": 10248.49287811254,
    "throughput_std": 588.3559887395426
}