{
    "boards_per_second": 59755.57035075747,
    "boards_per_second_std": 801.0062204501,
    "throughput": 1434.8064534413243,
    "throughput_std": 38.340416339053014
}